Entity,Code,Year,UIS: Percentage of population age 25+ with at least completed post-secondary education (ISCED 4 or higher). Total
Afghanistan,AFG,1975,1.70000994205475
Afghanistan,AFG,1979,3.0244500637054403
Albania,ALB,2001,7.427879810333249
Albania,ALB,2008,9.816240310668949
Albania,ALB,2011,12.0026302337646
Albania,ALB,2012,12.899660110473599
Algeria,DZA,1971,0.31725999712944003
Andorra,AND,2004,30.5104198455811
Andorra,AND,2005,28.106389999389602
Andorra,AND,2006,30.477909088134798
Andorra,AND,2014,32.681079864502
Andorra,AND,2015,32.4202499389648
Argentina,ARG,1970,4
Argentina,ARG,1980,6.099999904632571
Argentina,ARG,1991,12.0099096298218
Armenia,ARM,2001,42.11391067504879
Armenia,ARM,2011,46.9643898010254
Armenia,ARM,2015,50.560638427734396
Aruba,ABW,1991,7.18651008605957
Australia,AUS,1971,21.5
Australia,AUS,2004,33.364990234375
Australia,AUS,2005,34.2044906616211
Australia,AUS,2006,35.729789733886705
Australia,AUS,2007,36.735240936279205
Australia,AUS,2008,39.3568687438965
Australia,AUS,2009,40.5558280944824
Australia,AUS,2010,41.795711517334
Australia,AUS,2011,42.7026596069336
Australia,AUS,2012,46.461971282959006
Australia,AUS,2013,41.6409111022949
Australia,AUS,2014,39.034980773925795
Australia,AUS,2015,45.3450698852539
Austria,AUT,1971,2.55789995193481
Austria,AUT,1981,3.24651002883911
Austria,AUT,1991,6.104519844055179
Austria,AUT,2005,23.8370304107666
Austria,AUT,2007,23.867000579834
Austria,AUT,2008,23.595760345459
Austria,AUT,2009,25.622549057006804
Austria,AUT,2010,26.1673908233643
Austria,AUT,2011,26.338830947876
Austria,AUT,2012,26.9906406402588
Austria,AUT,2013,27.827560424804698
Austria,AUT,2014,28.418519973754897
Austria,AUT,2015,29.1428203582764
Azerbaijan,AZE,1999,32.596359252929695
Azerbaijan,AZE,2007,33.2905693054199
Azerbaijan,AZE,2008,33.3576011657715
Azerbaijan,AZE,2009,29.8219203948975
Azerbaijan,AZE,2010,29.9682292938232
Azerbaijan,AZE,2011,30.002220153808604
Azerbaijan,AZE,2012,30.0363502502441
Azerbaijan,AZE,2013,30.033130645752
Azerbaijan,AZE,2014,30.057119369506804
Azerbaijan,AZE,2015,30.0416603088379
Bahamas,BHS,1990,13.468150138855
Bahamas,BHS,2000,19.176250457763697
Bahamas,BHS,2010,31.2580509185791
Bahrain,BHR,1971,3.79999995231628
Bahrain,BHR,1991,10.3000001907349
Bahrain,BHR,2010,40.1199493408203
Bangladesh,BGD,1974,0.860329985618591
Bangladesh,BGD,1981,1.27348005771637
Bangladesh,BGD,2001,4.20865011215209
Barbados,BRB,1970,1.20000004768372
Barbados,BRB,1980,3.35552000999451
Barbados,BRB,2000,15.6818504333496
Belarus,BLR,1970,5.34779977798462
Belarus,BLR,1989,12.512510299682601
Belarus,BLR,2009,63.376220703125
Belgium,BEL,1970,5.1780099868774405
Belgium,BEL,2006,28.205659866332997
Belgium,BEL,2008,29.387229919433604
Belgium,BEL,2009,30.6177597045898
Belgium,BEL,2010,31.740449905395497
Belgium,BEL,2011,32.156280517578104
Belgium,BEL,2012,32.712249755859396
Belgium,BEL,2013,32.9851417541504
Belgium,BEL,2014,32.803390502929695
Belgium,BEL,2015,33.2611503601074
Belize,BLZ,1970,1.3927400112151997
Belize,BLZ,1980,2.2999999523162797
Belize,BLZ,1991,6.69950008392333
Belize,BLZ,2010,15.433119773864698
Benin,BEN,1979,0.30004000663757296
Benin,BEN,1992,1.3031300306320202
Benin,BEN,2002,2.16149997711182
Bermuda,BMU,1970,7.400000095367429
Bermuda,BMU,1991,18.364669799804698
Bermuda,BMU,2000,51.2354202270508
Bermuda,BMU,2010,51.0059700012207
Bhutan,BTN,2012,5.38001012802124
Bolivia,BOL,1976,5
Bolivia,BOL,1992,10.843370437622099
Bolivia,BOL,2001,16.8349895477295
Bolivia,BOL,2006,20.9168796539307
Bolivia,BOL,2008,20.535120010376
Bolivia,BOL,2009,22.769590377807603
Bolivia,BOL,2012,24.032239913940398
Bosnia and Herzegovina,BIH,2010,9.2254295349121
Bosnia and Herzegovina,BIH,2011,9.847860336303711
Bosnia and Herzegovina,BIH,2014,11.300840377807601
Bosnia and Herzegovina,BIH,2015,11.4720802307129
Botswana,BWA,1971,0.640380024909973
Brazil,BRA,1970,1.97546005249023
Brazil,BRA,1976,4.30000019073486
Brazil,BRA,1980,4.94504976272583
British Virgin Islands,VGB,1980,8.51187992095947
British Virgin Islands,VGB,1991,13.7569103240967
Brunei,BRN,1971,3.05421996116638
Brunei,BRN,1981,9.45314025878906
Bulgaria,BGR,1975,5.48691987991333
Bulgaria,BGR,1992,15.0391302108765
Burkina Faso,BFA,2006,1.83583998680115
Burkina Faso,BFA,2007,0.267089992761612
Burkina Faso,BFA,2014,0
Burundi,BDI,1990,0.59622997045517
Cambodia,KHM,2007,1.8318699598312398
Cambodia,KHM,2008,1.85405004024506
Cambodia,KHM,2009,2.0420401096344
Cameroon,CMR,1976,0.26861000061035195
Cameroon,CMR,2010,13.507809638977099
Canada,CAN,1986,19.3409690856934
Canada,CAN,1991,21.5301895141602
Canada,CAN,2006,55.981929779052706
Canada,CAN,2011,59.640308380127
Cape Verde,CPV,2015,11.8696203231812
Cayman Islands,CYM,1970,2.9000000953674303
Cayman Islands,CYM,1989,14.115650177002001
Cayman Islands,CYM,2004,31.1855907440186
Cayman Islands,CYM,2005,39.755950927734396
Cayman Islands,CYM,2006,37.723670959472706
Cayman Islands,CYM,2007,45.1990814208984
Cayman Islands,CYM,2008,45.169979095459006
Cayman Islands,CYM,2014,54.7882804870605
Cayman Islands,CYM,2015,54.852699279785206
Central African Republic,CAF,1975,0.19177000224590302
Central African Republic,CAF,1988,2.07482004165649
Chile,CHL,1970,3.79999995231628
Chile,CHL,1982,7.14266014099121
Chile,CHL,2004,13.156530380249
China,CHN,1982,1.01745998859406
China,CHN,1990,2
China,CHN,2000,4.26802015304565
Colombia,COL,1973,2.19717001914978
Colombia,COL,1993,10.596199989318801
Colombia,COL,2012,17.0799694061279
Colombia,COL,2013,18.5945796966553
Colombia,COL,2014,19.7050495147705
Colombia,COL,2015,19.5199699401855
Congo,COG,1984,2.9464199542999303
Costa Rica,CRI,1973,5.7793698310852095
Costa Rica,CRI,2012,20.987140655517603
Cote d'Ivoire,CIV,1988,8.699999809265138
Cote d'Ivoire,CIV,2014,5.307740211486821
Croatia,HRV,1991,6.4192600250244105
Cuba,CUB,2002,9.35904026031494
Cuba,CUB,2012,30.6934604644775
Cyprus,CYP,1992,17.0170192718506
Cyprus,CYP,2004,27.6797199249268
Cyprus,CYP,2005,27.296329498291
Cyprus,CYP,2006,28.5707092285156
Cyprus,CYP,2007,30.941570281982397
Cyprus,CYP,2008,31.283470153808604
Cyprus,CYP,2009,30.8749599456787
Cyprus,CYP,2010,32.550041198730504
Cyprus,CYP,2011,34.0431900024414
Cyprus,CYP,2012,35.6713409423828
Cyprus,CYP,2013,35.75474166870121
Cyprus,CYP,2014,37.2242889404297
Cyprus,CYP,2015,36.899299621581996
Czechia,CZE,1991,8.60324001312256
Czechia,CZE,2006,14.0790796279907
Czechia,CZE,2007,14.093729972839402
Czechia,CZE,2008,14.6193599700928
Czechia,CZE,2009,15.717679977417
Czechia,CZE,2010,16.905469894409197
Czechia,CZE,2011,18.1758708953857
Czechia,CZE,2012,19.0093002319336
Czechia,CZE,2013,19.9570407867432
Democratic Republic of Congo,COD,1984,1.3024899959564198
Denmark,DNK,1991,19.6210899353027
Denmark,DNK,1994,18.936840057373
Denmark,DNK,1995,19.7295207977295
Denmark,DNK,2003,32.4739608764648
Denmark,DNK,2004,32.5316505432129
Denmark,DNK,2008,34.142288208007805
Denmark,DNK,2015,34.879730224609396
Dominica,DMA,1970,1.1000000238418601
Dominica,DMA,1981,1.70908999443054
Dominican Republic,DOM,1970,1.89999997615814
Ecuador,ECU,1974,3.17138004302979
Ecuador,ECU,1982,7.51887989044189
Ecuador,ECU,1990,15.737299919128402
Ecuador,ECU,2008,14.834659576416
Ecuador,ECU,2009,12.058580398559599
Ecuador,ECU,2010,12.3551998138428
Ecuador,ECU,2013,14.3300304412842
Ecuador,ECU,2014,11.7284297943115
Ecuador,ECU,2015,13.6028995513916
Egypt,EGY,2006,16.416070938110398
El Salvador,SLV,1971,1.8671300411224399
El Salvador,SLV,1992,6.442450046539309
El Salvador,SLV,2006,10.6017904281616
El Salvador,SLV,2010,6.78207015991211
Estonia,EST,1989,13.6999998092651
Estonia,EST,2000,30.8631401062012
Eswatini,SWZ,1976,1.7441300153732198
Eswatini,SWZ,1986,3.28035998344421
Ethiopia,ETH,2007,2.38386988639832
Ethiopia,ETH,2011,5.895410060882571
Fiji,FJI,1976,3.32447004318237
Fiji,FJI,1986,4.456299781799321
Fiji,FJI,1996,8.575770378112791
Fiji,FJI,2007,15.9138898849487
Finland,FIN,1985,13.8000001907349
Finland,FIN,1990,15.3638401031494
Finland,FIN,2013,34.354549407959
Finland,FIN,2014,34.8222808837891
France,FRA,1990,11.431539535522498
France,FRA,2004,19.9048099517822
France,FRA,2005,20.637279510498
France,FRA,2007,22.6165199279785
France,FRA,2008,23.0357608795166
France,FRA,2009,24.2047004699707
France,FRA,2010,24.5187606811523
France,FRA,2011,25.2229690551758
France,FRA,2012,26.0628604888916
France,FRA,2013,27.370470046997102
France,FRA,2014,28.6629791259766
France,FRA,2015,30.495080947876
French Polynesia,PYF,2007,17.4837799072266
Gambia,GMB,1973,0.21571999788284302
Georgia,GEO,2002,48.339420318603494
Georgia,GEO,2012,49.671180725097706
Georgia,GEO,2014,46.0023803710938
Germany,DEU,2006,27.160619735717802
Germany,DEU,2007,27.7127704620361
Germany,DEU,2008,28.8160705566406
Germany,DEU,2009,29.8395595550537
Germany,DEU,2010,30.2569007873535
Germany,DEU,2011,31.1494998931885
Germany,DEU,2012,31.793640136718803
Germany,DEU,2013,32.3349189758301
Germany,DEU,2014,33.4242095947266
Germany,DEU,2015,34.4100914001465
Ghana,GHA,1970,0.400000005960464
Ghana,GHA,2010,11.3409900665283
Greece,GRC,1981,7.599999904632571
Greece,GRC,1991,8.699999809265138
Greece,GRC,2005,23.2665996551514
Greece,GRC,2006,18.1508502960205
Greece,GRC,2007,25.3001708984375
Greece,GRC,2008,25.6896095275879
Greece,GRC,2010,26.841739654541
Greece,GRC,2014,29.7684898376465
Greece,GRC,2015,30.480489730835
Greenland,GRL,2012,13.3641300201416
Greenland,GRL,2014,13.6853704452515
Greenland,GRL,2015,13.7005100250244
Grenada,GRD,1970,0.9984800219535831
Grenada,GRD,1981,1.56549000740051
Guam,GUM,1970,21.479009628295803
Guam,GUM,1980,34.3606796264648
Guam,GUM,1990,39.9256591796875
Guatemala,GTM,1973,1.20000004768372
Guatemala,GTM,1981,2.2000000476837203
Guatemala,GTM,2002,4.20162010192871
Guatemala,GTM,2012,2.83538007736206
Guatemala,GTM,2013,3.35548996925354
Guatemala,GTM,2014,10.3073997497559
Guinea,GIN,1996,3.93640995025635
Guinea,GIN,2010,4.99931001663208
Guyana,GUY,1970,0.930429995059967
Guyana,GUY,1980,1.79866003990173
Guyana,GUY,2002,2.2687399387359597
Haiti,HTI,1971,0.27838000655174294
Haiti,HTI,1982,0.6452500224113461
Haiti,HTI,1986,0.7637699842453
Honduras,HND,1974,1.0507800579071
Honduras,HND,2007,7.362380027771
Honduras,HND,2011,8.0283899307251
Honduras,HND,2012,7.138720035552981
Hong Kong,HKG,1971,3.0999999046325697
Hong Kong,HKG,1976,3.79999995231628
Hong Kong,HKG,1981,7.1556301116943395
Hong Kong,HKG,1986,7.699999809265139
Hong Kong,HKG,1991,10.6254196166992
Hong Kong,HKG,1996,14.4790802001953
Hong Kong,HKG,2006,21.9202995300293
Hong Kong,HKG,2008,22.553909301757802
Hong Kong,HKG,2009,22.8436603546143
Hong Kong,HKG,2010,22.9925899505615
Hong Kong,HKG,2011,24.523269653320302
Hong Kong,HKG,2014,26.9329109191895
Hong Kong,HKG,2015,27.9346199035645
Hungary,HUN,1970,5.08214998245239
Hungary,HUN,1980,6.9764199256897
Hungary,HUN,1990,10.1024904251099
Hungary,HUN,2001,13.6289596557617
Hungary,HUN,2005,16.2346992492676
Hungary,HUN,2011,21.675479888916
Hungary,HUN,2012,22.8525390625
Hungary,HUN,2013,29.0240802764893
Hungary,HUN,2014,28.208909988403303
Hungary,HUN,2015,28.7417697906494
Iceland,ISL,2005,31.003240585327102
India,IND,1971,1.1068700551986699
India,IND,1981,2.49704003334045
India,IND,2011,10.0123796463013
Indonesia,IDN,1971,0.452749997377396
Indonesia,IDN,1980,0.8302800059318539
Indonesia,IDN,1990,2.32263994216919
Indonesia,IDN,2007,7.10711002349854
Indonesia,IDN,2008,6.64938020706177
Iran,IRN,2006,16.7683696746826
Iran,IRN,2008,15.766460418701199
Iran,IRN,2010,18.5301399230957
Iran,IRN,2012,19.7987003326416
Iran,IRN,2013,21.3142108917236
Iran,IRN,2014,21.729959487915
Iraq,IRQ,2013,19.9207496643066
Ireland,IRL,1971,4.64019012451172
Ireland,IRL,1981,7.8620700836181605
Ireland,IRL,1991,13.557769775390598
Ireland,IRL,2007,38.2445487976074
Ireland,IRL,2010,44.2548294067383
Ireland,IRL,2011,37.794151306152294
Israel,ISR,1972,14.770050048828098
Israel,ISR,1982,23.100000381469698
Israel,ISR,1983,11.1999998092651
Italy,ITA,1971,2.58225011825562
Italy,ITA,1981,4.099999904632569
Italy,ITA,2001,9.35807037353516
Italy,ITA,2005,10.9038896560669
Italy,ITA,2006,11.417710304260302
Italy,ITA,2007,11.941670417785598
Italy,ITA,2008,12.5561304092407
Italy,ITA,2009,12.549189567565902
Italy,ITA,2010,12.7826499938965
Italy,ITA,2011,12.789529800415002
Italy,ITA,2012,13.540809631347699
Italy,ITA,2014,14.447999954223599
Italy,ITA,2015,14.9665002822876
Jamaica,JAM,1970,1.1076899766922
Jamaica,JAM,1982,2
Jamaica,JAM,1991,2.70557999610901
Jamaica,JAM,2011,13.9509696960449
Japan,JPN,1970,9.47811985015869
Japan,JPN,1980,14.3146095275879
Japan,JPN,1990,21.1348896026611
Jordan,JOR,2007,41.6897392272949
Jordan,JOR,2008,26.8919792175293
Jordan,JOR,2010,27.112520217895497
Kazakhstan,KAZ,1989,12.3999996185303
Kazakhstan,KAZ,1999,38.2131690979004
Kazakhstan,KAZ,2007,56.5807113647461
Kazakhstan,KAZ,2009,54.575168609619105
Kenya,KEN,2009,7.72847986221313
Kenya,KEN,2010,7.92327976226807
Kuwait,KWT,1970,4.59999990463257
Kuwait,KWT,1975,6.599999904632571
Kuwait,KWT,1980,10.0923595428467
Kuwait,KWT,1985,12.655679702758801
Kuwait,KWT,2005,13.512350082397498
Kuwait,KWT,2006,13.148249626159698
Kuwait,KWT,2007,12.8202295303345
Kuwait,KWT,2008,13.1752195358276
Kuwait,KWT,2012,16.498649597168
Kuwait,KWT,2013,13.7716503143311
Kuwait,KWT,2015,15.0222702026367
Kyrgyzstan,KGZ,1999,28.2175807952881
Kyrgyzstan,KGZ,2009,26.8490104675293
Latvia,LVA,1989,13.369199752807601
Latvia,LVA,2004,30.3477096557617
Latvia,LVA,2005,30.129579544067397
Latvia,LVA,2006,31.8909606933594
Latvia,LVA,2007,27.8459796905518
Latvia,LVA,2008,29.7962303161621
Latvia,LVA,2009,30.7826099395752
Latvia,LVA,2010,32.678421020507805
Latvia,LVA,2011,34.320201873779205
Latvia,LVA,2012,35.807159423828104
Latvia,LVA,2013,37.8983116149902
Latvia,LVA,2014,37.594810485839794
Latvia,LVA,2015,37.43687057495121
Lesotho,LSO,1976,0.11737000197172198
Lesotho,LSO,2006,1.8603299856185902
Lesotho,LSO,2008,5.350500106811519
Liberia,LBR,1974,1.5390900373458898
Liechtenstein,LIE,1970,5.400000095367429
Liechtenstein,LIE,2000,8.86692047119141
Lithuania,LTU,1989,12.6090602874756
Lithuania,LTU,2005,44.957218170165994
Lithuania,LTU,2006,46.659751892089794
Lithuania,LTU,2007,48.225841522216705
Lithuania,LTU,2008,48.3884887695313
Lithuania,LTU,2009,48.481510162353494
Lithuania,LTU,2010,48.833629608154205
Lithuania,LTU,2011,49.649810791015604
Lithuania,LTU,2012,49.688850402832
Lithuania,LTU,2013,49.591121673584006
Lithuania,LTU,2014,50.885669708252
Lithuania,LTU,2015,52.131290435790994
Luxembourg,LUX,1991,11.9237003326416
Luxembourg,LUX,2001,30.347589492797898
Luxembourg,LUX,2007,27.4460391998291
Luxembourg,LUX,2015,69.071662902832
Macao,MAC,1970,1.3785300254821797
Macao,MAC,1991,5.948890209198001
Macao,MAC,2001,28.330020904541
Macao,MAC,2006,14.3111400604248
Macao,MAC,2011,19.587610244751
Malawi,MWI,1977,0.21254999935626998
Malawi,MWI,1987,0.16087000072002403
Malawi,MWI,1998,0.48800000548362704
Malaysia,MYS,1980,1.89258003234863
Malaysia,MYS,1996,6.846819877624509
Malaysia,MYS,2000,11.397970199584998
Malaysia,MYS,2005,5.11517000198364
Malaysia,MYS,2009,15.611590385437
Malaysia,MYS,2010,16.3695392608643
Maldives,MDV,2006,4.15810012817383
Mali,MLI,1976,0.21075999736785897
Malta,MLT,2000,7.9139699935913095
Malta,MLT,2005,11.1428804397583
Malta,MLT,2007,17.4835090637207
Malta,MLT,2010,19.342350006103498
Malta,MLT,2011,19.921070098877
Malta,MLT,2012,22.4357604980469
Malta,MLT,2013,23.4369106292725
Malta,MLT,2014,23.7131195068359
Malta,MLT,2015,24.0651206970215
Marshall Islands,MHL,2011,17.441499710083
Mauritius,MUS,1972,1.24242997169495
Mauritius,MUS,1983,3.58080005645752
Mauritius,MUS,1990,1.89999997615814
Mauritius,MUS,2000,7.9139699935913095
Mauritius,MUS,2011,12.6566600799561
Mexico,MEX,1980,5.32739019393921
Mexico,MEX,1990,9.16987991333008
Moldova,MDA,1989,11.3000001907349
Moldova,MDA,2007,30.566139221191396
Moldova,MDA,2008,30.9270000457764
Moldova,MDA,2009,31.5182704925537
Moldova,MDA,2010,31.673280715942397
Moldova,MDA,2011,32.820480346679695
Moldova,MDA,2012,43.524009704589794
Moldova,MDA,2013,33.080509185791
Monaco,MCO,1975,17.3119297027588
Mongolia,MNG,2000,30.571960449218803
Mongolia,MNG,2010,35.525661468505895
Montenegro,MNE,2003,15.4417400360107
Mozambique,MOZ,1980,0.100000001490116
Myanmar,MMR,1973,0.200000002980232
Myanmar,MMR,1983,2
Namibia,NAM,1991,4.12797021865845
Namibia,NAM,2001,5.484429836273191
Nepal,NPL,1971,0.27112999558448797
Nepal,NPL,1981,1.1097600460052501
Nepal,NPL,2011,19.8267993927002
Netherlands,NLD,1971,7.199999809265139
Netherlands,NLD,2005,29.3052196502686
Netherlands,NLD,2007,31.5124893188477
Netherlands,NLD,2008,31.1592292785645
Netherlands,NLD,2009,31.696510314941396
Netherlands,NLD,2010,32.1887702941895
Netherlands,NLD,2011,31.627380371093803
Netherlands,NLD,2012,32.057750701904205
Netherlands,NLD,2013,30.2877502441406
Netherlands,NLD,2014,30.5605792999268
Netherlands,NLD,2015,31.209810256957997
New Zealand,NZL,1981,30.3598899841309
New Zealand,NZL,1991,39.0999984741211
New Zealand,NZL,2006,42.4215888977051
New Zealand,NZL,2011,47.32173156738279
New Zealand,NZL,2012,47.034149169921896
New Zealand,NZL,2014,45.799530029296896
New Zealand,NZL,2015,44.1958999633789
Niger,NER,1977,0.200000002980232
North Macedonia,MKD,2002,12.230609893798801
Norway,NOR,1970,7.400000095367429
Norway,NOR,1975,9.10000038146973
Norway,NOR,1980,11.936260223388699
Norway,NOR,1990,18.3778190612793
Norway,NOR,2004,29.6287403106689
Norway,NOR,2005,30.495460510253896
Norway,NOR,2006,31.1538200378418
Norway,NOR,2007,31.725000381469698
Norway,NOR,2008,32.840518951416
Norway,NOR,2009,33.4039497375488
Norway,NOR,2010,34.2061805725098
Norway,NOR,2011,35.205959320068395
Norway,NOR,2014,37.5375518798828
Norway,NOR,2015,38.0225410461426
Oman,OMN,2003,14.446399688720698
Oman,OMN,2008,19.9398307800293
Oman,OMN,2010,18.7046298980713
Oman,OMN,2015,21.288990020752
Pakistan,PAK,1972,3.4000000953674303
Pakistan,PAK,1981,1.89999997615814
Palestine,PSE,2015,23.4898109436035
Panama,PAN,1970,4.19999980926514
Panama,PAN,1980,8.26622009277344
Panama,PAN,1990,13.736439704895
Panama,PAN,2000,11.1673097610474
Panama,PAN,2010,22.7399501800537
Paraguay,PRY,1972,1.98784995079041
Paraguay,PRY,1982,3.3518800735473597
Paraguay,PRY,1992,7.5485200881958
Paraguay,PRY,2003,7.999529838562009
Paraguay,PRY,2005,14.1479997634888
Paraguay,PRY,2006,11.255080223083501
Peru,PER,1972,4.5
Peru,PER,1981,10.528860092163098
Peru,PER,1993,20.748989105224602
Peru,PER,2004,12.513440132141099
Peru,PER,2005,16.0601596832275
Peru,PER,2006,16.9434299468994
Peru,PER,2007,18.2169208526611
Peru,PER,2008,18.2095508575439
Peru,PER,2009,18.7525596618652
Peru,PER,2010,20.873590469360398
Peru,PER,2011,21.2449798583984
Peru,PER,2012,22.1546897888184
Peru,PER,2013,21.3395099639893
Peru,PER,2014,21.118480682373
Peru,PER,2015,20.877029418945302
Philippines,PHL,1970,9.56816005706787
Philippines,PHL,1975,11.829930305481
Philippines,PHL,1980,15.2152099609375
Philippines,PHL,1990,18.7939701080322
Philippines,PHL,2000,15.523850440978999
Philippines,PHL,2004,27.2664909362793
Philippines,PHL,2008,29.736150741577102
Philippines,PHL,2010,31.2528991699219
Philippines,PHL,2013,32.850841522216705
Poland,POL,1970,5.400000095367429
Poland,POL,1978,5.699999809265139
Poland,POL,1988,7.87414979934692
Poland,POL,2002,16.0597305297852
Poland,POL,2008,20.6674900054932
Poland,POL,2009,22.100370407104503
Poland,POL,2010,23.5479202270508
Poland,POL,2011,24.4025897979736
Poland,POL,2012,25.121309280395497
Poland,POL,2013,25.997240066528303
Poland,POL,2014,27.122869491577102
Portugal,PRT,1970,1.64108002185822
Portugal,PRT,1981,3.47294998168945
Portugal,PRT,1991,7.66812992095947
Portugal,PRT,2004,10.6607398986816
Portugal,PRT,2005,10.9376697540283
Portugal,PRT,2006,11.6760902404785
Portugal,PRT,2007,11.809180259704599
Portugal,PRT,2008,12.1280202865601
Portugal,PRT,2009,12.4961700439453
Portugal,PRT,2010,13.1550903320313
Portugal,PRT,2011,14.4505300521851
Portugal,PRT,2012,15.559720039367699
Portugal,PRT,2013,16.3137702941895
Portugal,PRT,2014,17.9767093658447
Portugal,PRT,2015,18.741390228271502
Puerto Rico,PRI,1970,12.05774974823
Puerto Rico,PRI,1980,18.451950073242198
Puerto Rico,PRI,1990,28.663089752197298
Puerto Rico,PRI,2000,37.609611511230504
Puerto Rico,PRI,2005,42.252288818359396
Puerto Rico,PRI,2006,40.89992141723629
Puerto Rico,PRI,2007,40.675079345703104
Puerto Rico,PRI,2008,42.799098968505895
Qatar,QAT,1986,13.3000001907349
Qatar,QAT,2004,25.5490207672119
Qatar,QAT,2007,29.7934494018555
Qatar,QAT,2008,26.403310775756804
Qatar,QAT,2009,25.1018905639648
Qatar,QAT,2010,18.6600494384766
Qatar,QAT,2011,22.144290924072298
Qatar,QAT,2012,25.300790786743196
Qatar,QAT,2013,25.0186500549316
Qatar,QAT,2014,24.575429916381804
Romania,ROU,1977,4.59999990463257
Romania,ROU,1992,6.93040990829468
Romania,ROU,2002,12.6461095809937
Romania,ROU,2007,14.6735095977783
Romania,ROU,2008,15.264519691467301
Romania,ROU,2009,15.540060043334998
Romania,ROU,2010,15.9055700302124
Romania,ROU,2011,16.6837596893311
Romania,ROU,2012,17.0980491638184
Romania,ROU,2013,17.3730602264404
Romania,ROU,2014,17.2269802093506
Romania,ROU,2015,17.763229370117198
Rwanda,RWA,1978,0.28916999697685203
Rwanda,RWA,2010,2.22750997543335
Saint Kitts and Nevis,KNA,1980,2.3232300281524703
Saint Lucia,LCA,1970,1
Saint Lucia,LCA,1980,1.29571998119354
Saint Lucia,LCA,1991,3.4026799201965297
Saint Lucia,LCA,2013,15.450309753417999
Saint Vincent and the Grenadines,VCT,1970,0.800000011920928
Saint Vincent and the Grenadines,VCT,1980,1.39999997615814
Samoa,WSM,1971,3.5622398853302
Samoa,WSM,1976,2.2000000476837203
Samoa,WSM,1981,2.6801300048828103
Samoa,WSM,2001,12.536609649658198
Samoa,WSM,2011,15.2638702392578
Sao Tome and Principe,STP,1981,0.29423999786377003
Saudi Arabia,SAU,2004,19.5032806396484
Saudi Arabia,SAU,2013,25.8880405426025
Senegal,SEN,2006,3.24770998954773
Serbia,SRB,2002,13.2008399963379
Serbia,SRB,2011,19.1687107086182
Serbia,SRB,2014,20.346750259399396
Serbia,SRB,2015,21.739999771118196
Seychelles,SYC,1971,2.56362009048462
Seychelles,SYC,1987,4.71673011779785
Singapore,SGP,1980,3.4000000953674303
Singapore,SGP,1990,4.73380994796753
Singapore,SGP,1995,7.59067010879517
Singapore,SGP,2005,38.2560615539551
Singapore,SGP,2006,36.755790710449205
Singapore,SGP,2007,37.7844009399414
Singapore,SGP,2008,40.4071388244629
Singapore,SGP,2009,40.7291488647461
Singapore,SGP,2010,46.4755783081055
Singapore,SGP,2011,46.9351692199707
Singapore,SGP,2012,48.6826095581055
Singapore,SGP,2013,50.001869201660206
Singapore,SGP,2014,51.1525802612305
Singapore,SGP,2015,52.0410003662109
Slovakia,SVK,1991,9.59595966339111
Slovakia,SVK,2001,12.5332803726196
Slovakia,SVK,2011,20.6529293060303
Slovakia,SVK,2014,19.4953899383545
Slovakia,SVK,2015,20.6261596679688
Slovenia,SVN,1991,10.5476703643799
Slovenia,SVN,2004,18.3138103485107
Slovenia,SVN,2009,20.7471599578857
South Africa,ZAF,1970,3.6603798866272004
South Africa,ZAF,1980,1.35476005077362
South Africa,ZAF,1985,2.30001997947693
South Africa,ZAF,2001,8.88712024688721
South Africa,ZAF,2002,10.2611398696899
South Africa,ZAF,2003,10.412859916687
South Africa,ZAF,2004,10.879579544067399
South Africa,ZAF,2005,10.9743099212646
South Africa,ZAF,2006,10.319729804992699
South Africa,ZAF,2007,10.8519601821899
South Africa,ZAF,2008,11.993909835815401
South Africa,ZAF,2009,12.249420166015598
South Africa,ZAF,2010,12.4131603240967
South Africa,ZAF,2011,12.726829528808599
South Africa,ZAF,2012,13.6019697189331
South Africa,ZAF,2014,14.615180015564
South Africa,ZAF,2015,15.1957597732544
South Korea,KOR,1970,5.73537015914916
South Korea,KOR,1975,6.900000095367429
South Korea,KOR,1980,8.914449691772461
South Korea,KOR,1985,11.708169937133801
South Korea,KOR,1990,13.3999996185303
South Korea,KOR,1995,20.827880859375
South Sudan,SSD,2008,10.2489595413208
Spain,ESP,1991,8.44641017913818
Spain,ESP,2004,21.7099800109863
Spain,ESP,2005,23.3822193145752
Spain,ESP,2006,23.6973991394043
Spain,ESP,2007,24.238660812377898
Spain,ESP,2008,24.5520896911621
Spain,ESP,2009,24.932170867919897
Spain,ESP,2010,25.700010299682603
Spain,ESP,2011,26.5146598815918
Spain,ESP,2012,26.9708194732666
Sri Lanka,LKA,1971,2.2557599544525098
Sri Lanka,LKA,1981,1.0607000589370699
Sri Lanka,LKA,2001,35.2981109619141
Sri Lanka,LKA,2008,29.3029708862305
Sri Lanka,LKA,2009,29.6438293457031
Suriname,SUR,2004,3.91474008560181
Sweden,SWE,1970,8.31536960601807
Sweden,SWE,1974,11.744919776916499
Sweden,SWE,1979,15.405799865722699
Sweden,SWE,1986,16.584819793701197
Sweden,SWE,1987,17.1944999694824
Sweden,SWE,1988,17.646680831909197
Sweden,SWE,1989,18.0743408203125
Sweden,SWE,1990,18.9686908721924
Sweden,SWE,1991,19.3346195220947
Sweden,SWE,1992,20.986759185790998
Sweden,SWE,1993,21.658510208129897
Sweden,SWE,1994,22.3307094573975
Sweden,SWE,1995,23.3354606628418
Sweden,SWE,2004,31.8675899505615
Sweden,SWE,2005,32.720489501953104
Sweden,SWE,2006,33.4906616210938
Sweden,SWE,2007,34.2771415710449
Sweden,SWE,2008,32.2878189086914
Sweden,SWE,2009,33.0457916259766
Sweden,SWE,2010,33.8039703369141
Sweden,SWE,2011,34.556198120117195
Sweden,SWE,2012,35.241180419921896
Sweden,SWE,2013,35.920539855956996
Sweden,SWE,2014,36.5774383544922
Sweden,SWE,2015,37.2194213867188
Switzerland,CHE,1980,10.7795696258545
Switzerland,CHE,2009,33.6849899291992
Switzerland,CHE,2010,38.1595802307129
Switzerland,CHE,2011,38.699230194091705
Switzerland,CHE,2012,40.2242202758789
Syria,SYR,1970,1.29999995231628
Syria,SYR,2007,12.9561195373535
Syria,SYR,2008,12.400520324707001
Syria,SYR,2009,12.4389896392822
Tajikistan,TJK,2000,19.8222808837891
Tanzania,TZA,2012,2.55563998222351
Thailand,THA,1970,1.1000000238418601
Thailand,THA,1980,2.9850900173187296
Thailand,THA,2004,12.9932699203491
Thailand,THA,2006,12.8689699172974
Thailand,THA,2010,12.9012298583984
Thailand,THA,2013,16.896560668945302
Togo,TGO,1970,0.15112000703811598
Togo,TGO,2009,2.94945001602173
Togo,TGO,2011,5.439350128173831
Tonga,TON,1986,2.86169004440308
Tonga,TON,2006,12.1321802139282
Tonga,TON,2011,16.7802295684814
Trinidad and Tobago,TTO,1970,1.20000004768372
Trinidad and Tobago,TTO,1980,2.92261004447937
Trinidad and Tobago,TTO,1990,3.52938008308411
Trinidad and Tobago,TTO,2008,44.111949920654205
Trinidad and Tobago,TTO,2009,43.9411392211914
Tunisia,TUN,1975,1.20000004768372
Tunisia,TUN,1980,1.79999995231628
Tunisia,TUN,1984,2.8417301177978502
Tunisia,TUN,2012,12.3531398773193
Turkey,TUR,1975,1.79999995231628
Turkey,TUR,1980,3.5999999046325697
Turkey,TUR,1985,10.816530227661099
Turkey,TUR,2004,7.33287000656128
Turkmenistan,TKM,1995,32.2116508483887
Turks and Caicos Islands,TCA,1970,4.90768003463745
Turks and Caicos Islands,TCA,1980,7.65734004974365
Tuvalu,TUV,1991,7.3181900978088406
Uganda,UGA,1991,0.5073000192642211
Uganda,UGA,2008,6.86658000946045
Uganda,UGA,2010,8.1946496963501
Ukraine,UKR,1970,5.964379787445071
Ukraine,UKR,2001,38.1417083740234
United Arab Emirates,ARE,1975,6.014269828796389
United Arab Emirates,ARE,2005,22.5848197937012
United Kingdom,GBR,1971,7.928969860076901
United Kingdom,GBR,2009,31.5697002410889
United Kingdom,GBR,2010,33.811710357666
United Kingdom,GBR,2011,33.0590400695801
United Kingdom,GBR,2012,36.9503593444824
United States,USA,1970,21.2999992370605
United States,USA,1975,26.2999992370605
United States,USA,1979,31.100000381469698
United States,USA,1980,31.891309738159197
United States,USA,1981,32.1531105041504
United States,USA,1990,45.239810943603494
United States,USA,1994,46.54106140136721
United States,USA,2004,36.1269989013672
United States,USA,2005,36.2299385070801
United States,USA,2006,37.367851257324205
Uruguay,URY,1975,6.33640003204346
Uruguay,URY,1985,8.10000038146973
Uruguay,URY,1996,10.211669921875
Uruguay,URY,2006,9.60365962982178
Uruguay,URY,2008,14.752699851989698
Uruguay,URY,2009,14.9131298065186
Uruguay,URY,2010,14.7158203125
Uruguay,URY,2011,10.940710067749
Uruguay,URY,2012,10.8821496963501
Uruguay,URY,2013,11.7874202728271
Venezuela,VEN,1971,2.8778300285339395
Venezuela,VEN,1981,7
Venezuela,VEN,1990,11.776909828186
Venezuela,VEN,2001,22.3655490875244
Venezuela,VEN,2011,24.8644104003906
Venezuela,VEN,2015,30.780960083007802
Vietnam,VNM,1979,1.2022000551223797
Vietnam,VNM,1989,2.6329801082611097
Vietnam,VNM,2009,12.0781002044678
Zambia,ZMB,1980,0.400000005960464
Zambia,ZMB,1990,0.286779999732971
Zimbabwe,ZWE,1992,4.8766598701477095
Zimbabwe,ZWE,2002,9.09916973114014
Zimbabwe,ZWE,2014,13.0527400970459